First Name,Last Name,Title,Company Name,Company Name for Emails,Email,Email Status,Primary Email Source,Primary Email Verification Source,Email Confidence,Primary Email Catch-all Status,Primary Email Last Verified At,Seniority,Departments,Contact Owner,Work Direct Phone,Home Phone,Mobile Phone,Corporate Phone,Other Phone,Stage,Lists,Last Contacted,Account Owner,# Employees,Industry,Keywords,Person Linkedin Url,Website,Company Linkedin Url,Facebook Url,Twitter Url,City,State,Country,Company Address,Company City,Company State,Company Country,Company Phone,Technologies,Annual Revenue,Total Funding,Latest Funding,Latest Funding Amount,Last Raised At,Subsidiary of,Email Sent,Email Open,Email Bounced,Replied,Demoed,Number of Retail Locations,Apollo Contact Id,Apollo Account Id,Secondary Email,Secondary Email Source,Secondary Email Status,Secondary Email Verification Source,Tertiary Email,Tertiary Email Source,Tertiary Email Status,Tertiary Email Verification Source,Qualify Contact
Mike,Green,CIO | CTO | VP of IT,Gallagher,Gallagher,mike_green@ajg.com,Verified,Apollo,Apollo,"",Not Catch-all,2025-12-15T06:50:01+00:00,C suite,"C-Suite, Engineering & Technical, Information Technology",ifedayo.oladapo@gmail.com,"","","",'+1 630-773-3800,"",Cold,"","",ifedayo.oladapo@gmail.com,54000,insurance,"insurance, risk management, consulting, specialty insurers, finance, insurance compliance, insurance risk analysis, insurance industry growth, construction risk management, services, risk management strategies, energy risk consulting, claims advocacy, insurance policy design, insurance industry digital tools, insurance claims support, transportation, insurance claims, b2b, healthcare risk solutions, manufacturing, insurance claims technology, insurance industry digital transformation, insurance and risk solutions, insurance industry solutions, healthcare, automotive risk solutions, insurance and risk consulting, insurance solutions worldwide, executive search, professional services, global insurance, insurance claims management, construction, insurance brokerage services, claims processing, transportation risk solutions, insurance risk management, aerospace risk management, insurance industry digital solutions, insurance and risk services, real estate risk management, insurance agencies and brokerages, insurance claims automation, insurance market, insurance solutions provider, multinational risk management, enterprise risk management, insurance services, hospitality risk management, global risk management, benefits programs, insurance data analytics, insurance market trends, insurance policy management, insurance industry analytics, insurance client services, insurance solutions, environmental risk consulting, insurance brokerage, risk assessment tools, public sector risk management, risk mitigation, hr consulting, insurance consulting, insurance technology, manufacturing risk management, claims processing systems, insurance brokerage firm, insurance industry expertise, strategic acquisitions, retirement planning, corporate insurance, client-focused, real estate, professional liability insurance, insurance solutions for businesses, insurance risk management tools, nonprofit risk solutions, insurance industry, risk mitigation strategies, risk consulting, insurance claims processing, claims administration, insurance industry leader, claims management, insurance markets, insurance risk assessment, corporate risk solutions, employee benefits, risk control, claims management & advocacy, insurance broker, cyber risk management, insurance products, leadership development, insurance industry innovation, financial services, insurance data management, benefits consulting, consulting services, human resources consulting, healthcare consulting, diversity and inclusion, business continuity planning, cyber liability insurance, executive benefits consulting, financial institutions insurance, real estate insurance, construction insurance, public sector insurance, nonprofit insurance, commercial insurance, small business insurance, data and analytics consulting, crisis resilience, voluntary benefits, financial and retirement services, compensation consulting, compliance consulting, talent assessment, property insurance, environmental risk management, employee communication consulting, diversity equity and inclusion (dei), global insurance services, multinational insurance, personal lines insurance, disability insurance, succession planning, pharmacy benefit consulting, physical wellbeing programs, organizational development, life and annuity brokerage, insurance tiers, nonqualified deferred compensation, coaching and leadership, employee training programs, culture assessment, education, legal, non-profit, distribution, mechanical or industrial engineering, health care, health, wellness & fitness, hospital & health care, staffing & recruiting, professional training & coaching, insurance agencies & brokerages, management consulting, nonprofit organization management",http://www.linkedin.com/in/mike-green-027818b2,https://ajg.com,http://www.linkedin.com/company/gallagher-global,https://www.facebook.com/GallagherGlobal/,https://twitter.com/GallagherGlobal,Salt Lake City,Utah,United States,"2850 Golf Road, Rolling Meadows, Illinois, United States, 60008",Rolling Meadows,Illinois,United States,'+1 630-773-3800,"Akamai DNS, MessageGears, Outlook, Microsoft Office 365, Brightcove, Drupal, Microsoft Application Insights, Umbraco, StackAdapt, The Trade Desk, Webflow, Sage Intacct, iCIMS, Salesforce, Google Tag Manager, Bootstrap Framework, Mobile Friendly, YouTube, Microsoft-IIS, WordPress.org",11554900000,"","","","","","",false,false,false,false,"",6967ac65fb1d080001d29be1,6967ac66fb1d080001d2a7c6,"","","","","","","","",""
Heyar,Rodriguez,VP of IT Operations & CIO,CoreSite,CoreSite,"",Unavailable,"","","","","",C suite,"C-Suite, Information Technology, Operations",ifedayo.oladapo@gmail.com,"","","",'+1 866-777-2673,"",Cold,"","",ifedayo.oladapo@gmail.com,650,information technology & services,"hybrid it, data centers, colocation, interconnection, hybrid cloud, multicloud, cloud networking, cross connect, blended ip, the open cloud exchange, hyperscale, wholesale colocation, retail colocation, colocation cabinet, colocation rack space, colocation cage, colocation private suite, internet exchanges, peering, ip transit, dedicated internet, dark fiber, other pharmaceuticals, health care, it services & it consulting, private cloud access, native cloud onramps, cloud connectivity, data center, network ecosystem, cloud strategy support, energy efficiency, cloud computing, data center services, finance, cloud data transfer, fiber connectivity, cloud workload management, cloud infrastructure resilience, cloud peering exchanges, cloud data transfer optimization, cloud network automation, cloud strategy, business continuity, cloud service provider, cloud service integration, cloud service automation, enterprise it, cloud service orchestration, data transport, cloud access, edge market connectivity, cloud ecosystem development, cloud performance optimization, multicloud management platform, cloud infrastructure automation, open cloud exchange, cloud service management, business continuity planning, cloud infrastructure scaling, data security, manufacturing, network security, edge data centers, security and compliance, cloud provider access, healthcare, cloud infrastructure, technology, multicloud management, virtual connections, cloud security compliance, cloud onramps integration, cloud interconnection, media, operational excellence, cloud ecosystem, cloud service provider ecosystem, low-latency connectivity, cloud service automation tools, digital transformation, network connectivity, performance, cloud service slas, cloud connectivity solutions, cloud performance, cloud peering, security compliance, security protocols, scalability, sustainability, cloud security, interconnection platform, enterprise colocation, cloud onramps, cloud exchange, cloud workload scalability, power density, services, enterprise software, hybrid cloud architecture, it infrastructure, government, cloud security management, portfolio, cloud security protocols, electrical contractors and other wiring installation contractors, data management, high-performance infrastructure, cloud cost reduction, edge markets, software-defined networking, cloud network management, security measures, cloud onramp security, cloud service provider network, cloud workload optimization, information technology and services, cloud data egress reduction, digital ecosystem, cloud migration, data center reliability, cloud service orchestration platforms, cloud ecosystem connectivity, artificial intelligence, power and cooling, cloud network resilience, cloud platform, cloud security standards, network scalability, cloud migration tools, cloud connectivity platform, b2b, redundancy, cloud migration acceleration, customer service, cost savings, network and data interconnection, cloud ecosystem integration, cloud migration support, disaster recovery, private cages, remote hands, data center design, analyze, aws direct connect, azure expressroute, google cloud interconnect, oracle fastconnect, high-density environments, low-latency, secure connectivity, customer interconnections, cloud service providers, network providers, network resilience, capacity, data center compliance, service delivery platform, market connectivity, it modernization, data center operations, network monitoring, cabling services, network access, performance optimization, cross connects, compliance regulations, connectivity issues, data egress, agile infrastructure, technology partnerships, education, distribution, energy & utilities, internet service providers, information technology & services, health, wellness & fitness, environmental services, renewables & environment, enterprises, computer software, financial services, computer & network security, mechanical or industrial engineering, hospital & health care, internet infrastructure, internet",http://www.linkedin.com/in/heyar-rodriguez-18b6a366,https://coresite.com,http://www.linkedin.com/company/coresite,https://facebook.com/CoreSite,https://twitter.com/coresite,"","",United States,"1001 17th Street, Denver, Colorado, United States, 80202",Denver,Colorado,United States,'+1 866-777-2673,"Salesforce, Route 53, Mimecast, Outlook, Drupal, Atlassian Cloud, The Trade Desk, Webflow, Marketo, DoubleClick, Wistia, Vimeo, Bootstrap Framework, DoubleClick Conversion, Linkedin Widget, Hotjar, Linkedin Login, WordPress.org, Google AdWords Conversion, Bing Ads, ShareThis, Hubspot, Mobile Friendly, Facebook Widget, Facebook Login (Connect), Google Analytics, Linkedin Marketing Solutions, Google Font API, Cedexis Radar, Google Dynamic Remarketing, YouTube, JQuery 1.11.1, Google Tag Manager, Adobe Media Optimizer, Remote, AI",638600000,"","","","",American Tower (americantower.com),"",false,false,false,false,"",6967ac65fb1d080001d29be4,6967ac66fb1d080001d2a7c9,"","","","","","","","",""
Flavie,Gonzalez,VP of IT Operations & CIO,Cogent Communications,Cogent Communications,"",Unavailable,"","","","","",C suite,"C-Suite, Information Technology, Operations",ifedayo.oladapo@gmail.com,"","","",'+1 202-295-4200,"",Cold,"","",ifedayo.oladapo@gmail.com,1900,telecommunications,"dedicated internet access, ip transit, ethernet services, colocation, sdwan, optical wavelengths, telecommunications equipment, consumer discretionary, all-optical ip network, colocation services, telecommunications, global peering, fiber network, service locations, service provider, performance tools, cost-effective bandwidth, construction & real estate, mpls, cloud services, fiber infrastructure, rapid provisioning, network resilience, private network solutions, all-optical network, customer service, flat-rate pricing, network reliability, lit buildings, carrier interconnection, fiber backbone, global markets, cloud direct connect, data centers, wavelengths, enterprise connectivity, cloud connectivity, wired and wireless telecommunications carriers (except satellite), carrier-neutral data centers, customer support, services, fiber lit buildings, fiber-optic infrastructure, high-speed internet, fiber-optic network, carrier services, network map, fiber lit locations, vpn, dedicated bandwidth, multi-continent coverage, information technology, sd-wan, network infrastructure, content delivery, fiber route miles, b2b, internet access, fiber-optic backbone, high capacity wavelengths, operational efficiency, self-healing ring, market expansion, non-oversubscribed connections, cloud connect, transportation & logistics, high capacity, ip-vpn, cloud on-ramp, network redundancy, global ip network, internet service provider, global peer connect, transport, utility computing solutions, small business solutions, enterprise solutions, carrier solutions, content provider solutions, cloud connect for aws, cloud connect for azure, fiber optic network, high speed internet, network performance, client support, tier 1 network, dedicated connections, competitive pricing, data transport services, managed services, network scalability, remote connectivity solutions, bandwidth solutions, absolute latency, sla standards, gbe networks, intercity fiber uplift, metro fiber networks, network mapping, ip address services, ethernet vpls, cloud scaling services, acquisition strategies, global network connectivity, corporate network solutions, network interconnectivity, tech infrastructure, cloud computing, enterprise software, enterprises, computer software, information technology & services, internet service providers, computer & network security",http://www.linkedin.com/in/flavie-gonzalez-16755425a,https://cogentco.com,http://www.linkedin.com/company/cogent-communications,https://www.facebook.com/cogentco,https://twitter.com/cogentco,"","",United States,"2450 N St NW, Washington, District of Columbia, United States, 20037-1167",Washington,District of Columbia,United States,'+1 202-295-4200,"Outlook, Act-On, VueJS, React Redux, Linkedin Marketing Solutions, Bootstrap Framework, AddThis, Google Tag Manager, Eventbrite, Cedexis Radar, Mobile Friendly, LiveRamp, Vimeo, Advanced Solutions International (ASi), American Technology Services, Google Font API, Google Maps (Non Paid Users), Google Places, Adobe Media Optimizer, Google Maps, Remote, Circle",1036104000,"","","","","","",false,false,false,false,"",6967ac65fb1d080001d29bea,6967ac66fb1d080001d2a7cf,"","","","","","","","",""
Mina,Abdelkodous,"Chief Information Officer (CIO), Vice President of Information Technology",API Heat Transfer,API Heat Transfer,mina.abdelkodous@apiheattransfer.com,Verified,Apollo,Apollo,"",Not Catch-all,2026-01-07T13:02:58+00:00,C suite,"C-Suite, Information Technology",ifedayo.oladapo@gmail.com,"","","",'+1 262-554-8330,"",Cold,"","",ifedayo.oladapo@gmail.com,1100,mechanical or industrial engineering,"manufacturing, high-performance heat transfer, shell and tube heat exchangers, services, aluminum cooling systems, industry-specific heat transfer solutions, power generation, performance-driven heat exchangers, reliable cooling, hvac, distribution, food and beverage sanitary systems, custom heat transfer design, custom-engineered products, industrial applications, api heat transfer, 140 years of experience, heat exchangers, industrial heat transfer, b2b, world-class heat transfer products, heat transfer solutions, plate heat exchangers, energy efficiency, waste heat recovery, thermal systems, heat exchangers for oil and gas, custom solutions, heat transfer for power plants, oil and gas, food and beverage, data centers, innovative cooling technology, data center cooling solutions, liquid cooled applications, refrigeration, ventilation, heating, air-conditioning, and commercial refrigeration equipment manufacturing, healthcare, mechanical or industrial engineering, environmental services, renewables & environment, clean energy & technology, oil & energy, food & beverages, consumer goods, consumers, internet service providers, information technology & services, health care, health, wellness & fitness, hospital & health care",http://www.linkedin.com/in/mina-abdelkodous-655bb78,https://apiheattransfer.com,http://www.linkedin.com/company/api-heat-transfer,"","",Chicago,Illinois,United States,"2777 Walden Avenue, Buffalo, New York, United States, 14225",Buffalo,New York,United States,'+1 262-554-8330,"Salesforce, Outlook, Microsoft Office 365, Google Cloud Hosting, Mobile Friendly, Google Font API, Nginx, Gravity Forms, Google Tag Manager, WordPress.org, Vimeo, Remote",100000000,"",Merger / Acquisition,0,2012-04-01T00:00:00+00:00,"","",false,false,false,false,"",6967ac65fb1d080001d29be2,6967ac66fb1d080001d2a7c7,mbabdel@hotmail.com,Apollo,Verified,Apollo,"","","","",""
Hamza,Belarbi,IT Director / CIO,Dislog Group,Dislog Group,h.belarbi@dislogroup.com,Verified,Apollo,Apollo,"",Not Catch-all,2025-12-17T15:25:35+00:00,C suite,"C-Suite, Information Technology",ifedayo.oladapo@gmail.com,"","","",'+212 5225-92445,"",Cold,"","",ifedayo.oladapo@gmail.com,1300,mechanical or industrial engineering,"distribution, logistique, merchandising, trading, manufacturing, regulatory standards, growth strategy, logistics management morocco, market leader, strategic acquisitions morocco, fmcg, pharmaceuticals, food, logistics, diversified brands, brand development morocco, distribution network, partnerships, supply chain efficiency, distribution & logistics, morocco, innovation, b2b, medical device supply morocco, medical devices, food development, brand management, supply chain logistics, supply chain, market penetration, corporate governance, brand development, healthcare access morocco, pharmaceutical distribution morocco, dermo-cosmetics, full service provider, distribution channels, strategic partnerships, acquisitions, product quality, international standards, retail, brand strategy, marketing, product innovation, drugs and druggists' sundries merchant wholesalers, logistics optimization, consumer health solutions, regulatory compliance, product development, healthcare, accessibility, d2c, food production, dislog group, market strategy, quality standards, health products, customer engagement, hygiene product development, market research, strategic planning, customer experience, pharmaceutical manufacturing morocco, sustainability, long-term vision, distribution network morocco, investment, services, market analysis, growth, consumer reach, market expansion morocco, cosmetics, quality assurance, contract manufacturing, b2c, investment strategy, market growth, business development, market expansion, dermo-cosmetics manufacturing, digital transformation, supply chain management, consumer goods, customer service, market positioning, multinational partnerships morocco, market leader morocco, hygiene products, moroccan fmcg, investment funding, product diversification morocco, multichannel distribution, healthcare products morocco, product portfolio, international partnerships, distribution logistics, mergers and acquisitions, food and beverage morocco, product diversification, local and international brands, hygiene, stock management, r&d, essential products, market leadership, customer satisfaction, retail distribution, product accessibility, industrial expertise, innovation culture, agility, integrity, social responsibility, training and development, operational excellence, market adaptation, consumer engagement, food safety, local brands, international brands, health and wellness, private label manufacturing, environmental sustainability, community impact, workforce development, value chain integration, consumer trust, finance, consumer products & retail, transportation & logistics, mechanical or industrial engineering, medical, consumers, hospital & health care, health care, health, wellness & fitness, environmental services, renewables & environment, beauty, apparel & fashion, logistics & supply chain, mergers & acquisitions, research & development, training & development, financial services",http://www.linkedin.com/in/hamza-belarbi-08409852,https://dislogroup.com,http://www.linkedin.com/company/groupe-dislog,https://www.facebook.com/people/Dislog-Group/61557934123482/,"","","",Morocco,"زنقة سقراط, Casablanca-Settat, Morocco","",Casablanca-Settat,Morocco,'+212 5225-92445,"Gmail, Google Apps, Microsoft Azure Hosting, Google Font API, Nginx, WordPress.org, Mobile Friendly",411200000,14908395,Other,14908395,2025-03-01T00:00:00+00:00,"","",false,false,false,false,"",6967ac65fb1d080001d29bec,6967ac66fb1d080001d2a7d1,"","","","","","","","",""
Ariaan,Siezen,Vice President IT (CIO),Mediq,Mediq,ariaan.siezen@mediq.com,Verified,Apollo,Apollo,"","",2025-12-27T19:01:20+00:00,C suite,"C-Suite, Information Technology",ifedayo.oladapo@gmail.com,"","","",'+31 30 282 1911,"",Cold,"","",ifedayo.oladapo@gmail.com,2500,hospital & health care,"healthcare, hospitals & health care, medical logistics, medical equipment and supplies manufacturing, homecare, patient care, medical product distribution, patient care support, pharmaceutical distribution, healthcare logistics management, healthcare logistics digital services, medical logistics operations, homecare supply chain, medical logistics for clinics, home healthcare, medical logistics provider, medical device distribution network, medical device logistics services, digital supply chain, medical logistics systems, healthcare support services, healthcare logistics, healthcare logistics digital tools, sustainability, digital health, patient support, medical logistics for homecare, services, logistics, digital healthcare services, digital health solutions, hospital logistics solutions, healthcare logistics digitalization, healthcare logistics network, healthcare logistics solutions, logistics automation, medical logistics for hospitals, medical device logistics platform, home healthcare delivery, hospital supply chain logistics, medical device logistics, healthcare logistics services, b2b, homecare logistics platform, chronic disease management, healthcare logistics technology, medical supply chain optimization, medical logistics platform, digital transformation, hospital supplies, healthcare products, medical device supply chain management, medical logistics automation, esg, care services, pharmaceuticals, consulting, medical logistics solutions, care solutions, home healthcare logistics, healthcare logistics innovation, healthcare logistics analytics, sustainable care, healthcare technology, telehealth, healthcare logistics efficiency, healthcare logistics data, home care logistics solutions, healthcare supply chain management, healthcare supply chain, hospital logistics, home delivery healthcare, d2c, healthcare logistics digital platform, care delivery, logistics solutions, patient logistics management, medical logistics tracking, medical logistics digital solutions, home healthcare supply chain, care professionals, patient logistics support, b2c, medical device logistics technology, medical device supply, medical supplies, medical logistics digital platform, healthcare logistics platform, medical logistics for chronic care, medical logistics management, healthcare it systems, medical device supply chain, medical devices, e-commerce, medical device delivery services, homecare logistics, patient-centered care, hospital supply chain management, healthcare logistics software, healthcare logistics optimization, hospital logistics network, supply chain, healthcare logistics integration, retail, digital healthcare logistics, healthcare solutions, chronic care management, home care services, patient empowerment, healthcare professionals support, sustainability in healthcare, medical supply chain, personalized patient care, environmental impact, corporate social responsibility, patient monitoring, incontinence care, nutrition services, health outcomes improvement, patient education, healthcare partnerships, e-health technologies, disease management, product innovation, care coordination, patient-centric solutions, medical consumables, service delivery optimization, staff training, healthcare affordability, community health services, patient experience, self-management support, professional healthcare services, clinical outcomes, multi-morbidity management, healthcare infrastructure, patient support systems, reliable medical providers, emergency care solutions, supply chain efficiency, healthcare product distribution, direct to patient services, responsible business practices, customer service excellence, integrated healthcare, medical technology advancement, healthcare market presence, health care, health, wellness & fitness, hospital & health care, environmental services, renewables & environment, information technology & services, medical, consumer internet, consumers, internet",http://www.linkedin.com/in/ariaansiezen,https://mediq.com,http://www.linkedin.com/company/mediq-global,https://facebook.com/MediqNL,https://twitter.com/Mediq,Arnhem,Gelderland,Netherlands,"157 Hertogswetering, Utrecht, Utrecht, Netherlands, 3543 AS",Utrecht,Utrecht,Netherlands,'+31 30 282 1911,"Outlook, React Redux, Microsoft Azure, Google Tag Manager, Bing Ads, Linkedin Marketing Solutions, Hotjar, Visual Website Optimizer, New Relic, SiteCore, Backbone JS Library, Facebook Widget, Facebook Custom Audiences, Mobile Friendly, Facebook Login (Connect), Google AdSense, ASP.NET",781300000,1300000000,Merger / Acquisition,1300000000,2013-02-01T00:00:00+00:00,"","",false,false,false,false,"",6967ac65fb1d080001d29be8,6967ac66fb1d080001d2a7cd,"","","","","","","","",""
Brian,Reath,Vice President Information Technology (CIO),Subaru of Indiana Automotive,Subaru of Indiana Automotive,brian.reath@subaru-sia.com,Verified,Apollo,Apollo,"",Catch-all,2026-01-02T15:41:56+00:00,C suite,"C-Suite, Information Technology",ifedayo.oladapo@gmail.com,"","","",'+1 800-782-2783,"",Cold,"","",ifedayo.oladapo@gmail.com,6500,automotive,"manufacturing & automotive, motor vehicle manufacturing, energy standards, sustainability, manufacturing, procurement, quality assurance, automotive production, energy conservation, energy policies, vehicle assembly, energy management systems, automotive plant management, employee safety, energy initiatives, automobile plant, energy use reduction, energy policy, iso 50001, automobile and light duty motor vehicle manufacturing, supply chain management, energy compliance, vehicle quality, automotive supplier, energy performance management, energy standards compliance, energy monitoring, energy performance, sia lafayette, automotive sustainability, energy & utilities, iso 9001 certification, contract manufacturing, sustainable manufacturing, employee benefits, north american market, energy audits, energy management, energy reduction, energy conservation measures, iso 14001, sia plant, iso 9001, vehicle manufacturing, automotive industry, automotive safety, automotive logistics, energy projects, energy technology, production capacity, b2b, energy practices, energy systems, vehicle production, energy efficiency, energy sustainability practices, automotive quality control, environmental stewardship, engineering, iso 14001 certification, automotive innovation, vehicle models, energy optimization, subaru models, energy saving practices, automotive manufacturing process, safety standards, automotive engineering, energy performance standards, energy efficiency programs, energy sustainability, automotive environmental practices, automotive workforce, manufacturing facility, automotive safety protocols, vehicle assembly line, environmental certification, energy solutions, subaru, automotive manufacturing, north american production, crosstrek, legacy, outback, ascent, quality control, safety measures, employee training, supply management, community involvement, ecological initiatives, awards, zero landfill, safety training, careers, internships, production process, vehicle safety, advanced technology, sustainability programs, manufacturing plant, automobile production, safety features, production volume, workforce, quality standards, safety incidents, certifications, green procurement, manufacturing excellence, environmental awards, job opportunities, community support, production efficiency, safety protocols, workplace safety, training programs, automotive, environmental services, renewables & environment, mechanical or industrial engineering, logistics & supply chain, oil & energy",http://www.linkedin.com/in/brian-reath-74b41156,https://subaru-sia.com,http://www.linkedin.com/company/subaru-of-indiana-automotive,"","",Detroit,Michigan,United States,"5500 State Road 38 E, Lafayette, Indiana, United States, 47905",Lafayette,Indiana,United States,'+1 800-782-2783,"Cloudflare DNS, Google Cloud Hosting, Atlassian Cloud, React, SuccessFactors (SAP), Mobile Friendly, Wix, Bootstrap Framework, Apache, Remote",1500000000,"","","","",Subaru Corporation (subaru.co.jp),"",false,false,false,false,"",6967ac65fb1d080001d29be5,6967ac66fb1d080001d2a7ca,"","","","","","","","",""
Sebastian,Weinig,Vice President IT and CIO,Yunex Traffic,Yunex Traffic,sebastian.weinig@yunextraffic.com,Verified,Apollo,Apollo,"","",2025-12-30T16:19:40+00:00,C suite,"C-Suite, Information Technology",ifedayo.oladapo@gmail.com,"","","","","",Cold,"","",ifedayo.oladapo@gmail.com,1900,information technology & services,"technology, information & internet, traffic flow optimization, b2b, congestion reduction, traffic simulation, urban mobility management, traffic signal optimization, digital traffic solutions, connected vehicle infrastructure, highway automation, ai traffic control, government, consulting, connected vehicles, engineering services, traffic system maintenance, transport technology, traffic system consulting, information technology & services, neural networks, smart city solutions, traffic safety, traffic system innovation, urban traffic solutions, machine learning, traffic system manufacturing, v2x communication systems, transportation equipment manufacturing, digitalization, transport infrastructure, smart tunnel management, cybersecurity, energy efficiency, traffic data analytics, road safety, traffic infrastructure, traffic control software, urban mobility, tunnel automation, global traffic solutions, traffic management, traffic prediction, traffic system integration, intelligent traffic management, smart intersections, traffic flow simulation software, cloud-based traffic management, v2x systems, tolling solutions, regulatory compliance, traffic safety technology, automated highway systems, adaptive traffic control, traffic system deployment, intelligent tolling systems, intelligent traffic systems, intelligent transportation, automated traffic control, mobility solutions, services, sustainable mobility, urban traffic optimization, predictive traffic modeling, ai-enabled traffic signals, traffic system modernization, neural network traffic prediction, tolling systems, v2x communication, smart cities, transport solutions, sustainable transport, connected mobility, interurban mobility, vulnerable road user protection, evci maintenance, mobility consulting services, co2 emission reduction, traffic congestion management, simulation software, digital infrastructure, autonomous vehicle support, mobility services, environmental sustainability, liveable cities, intelligent mobility ecosystems, road user charging, smart transportation, data integration, real-time traffic management, urban traffic control, traffic management systems, mobilities transformation, sustainability initiatives, quality of life, mobility challenges, traffic control systems, environmental impact, mobility optimization, smart roadways, public transport solutions, vehicle-to-everything (v2x), future-proof mobility, urban transport solutions, manufacturing, transportation & logistics, artificial intelligence, transportation/trucking/railroad, environmental services, renewables & environment, enterprise software, enterprises, computer software, mechanical or industrial engineering",http://www.linkedin.com/in/sebastian-weinig-b19631b4,https://yunextraffic.com,http://www.linkedin.com/company/yunextraffic,"",https://twitter.com/yunextraffic,Munich,Bavaria,Germany,"6 Otto-Hahn-Ring, Munich, Bavaria, Germany, 81739",Munich,Bavaria,Germany,"","Outlook, Microsoft Office 365, Google Cloud Hosting, Atlassian Cloud, OneTrust, SuccessFactors (SAP), Mobile Friendly, Linkedin Marketing Solutions, Nginx, WordPress.org",681000000,1100000000,Merger / Acquisition,1100000000,2022-01-01T00:00:00+00:00,"","",false,false,false,false,"",6967ac65fb1d080001d29bf6,6967ac66fb1d080001d2a7db,"","","","","","","","",""
Indika,Gunawardena,Vice President IT | CIO,National Development Bank PLC (NDB),National Development Bank PLC,indika.gunawardena@ndbbank.com,Verified,Apollo,Apollo,"",Catch-all,2025-12-18T20:41:19+00:00,C suite,"C-Suite, Information Technology",ifedayo.oladapo@gmail.com,"","","",'+94 11 2 448448,"",Cold,"","",ifedayo.oladapo@gmail.com,3300,financial services,"retail banking, treasury, cash management services, trade finance ops, advisory, funding for structured, corporate finance deals, sme financing, project financing, branch network of 68 branches, expanding, correspondent banking, remittance, pawning services, financial literacy programs, sustainability goals, women empowerment, carbon footprint reduction, sustainable finance solutions, sustainable finance, digital banking security, security features, banking transformation, banking technology, qr payments, transaction management, sustainable banking, qr payment solutions, sme solutions, financial data security, csr sustainability initiatives, green banking, csr in banking, banking services, digital security features, financial technology, carbon footprint management, financial services sri lanka, banking infrastructure, governance, digital banking platform, qr payment, investment banking, customer engagement, capital markets, women-led organization support, stakeholder value, future banking transformation, banking and financial services, customer service, environmental responsibility in banking, banking convenience, mobile banking, stakeholder engagement, loans, wealth management, banking accessibility, women empowerment programs, social impact, digital security, corporate banking, social responsibility, sme banking, stakeholder value creation, green finance initiatives, banking for social good, gender equality programs, digital banking, financial inclusion, sustainability, transaction security, banking, banking industry benchmarks, economic development, digital banking accessibility, economic support, good governance, financial literacy, banking customer experience, sri lanka economy, retail, banking technology adoption, financial inclusion for women, financial services, banking analytics, ethical practices, inclusive financial services, digital financial services, insurance products, inclusive banking, csr initiatives, banking innovation, banking solutions, sri lanka financial sector, asset management, services, banking ecosystem, ethical banking practices, financial products, banking platform, commercial banking, capital markets support, banking app, digital payment security, investment solutions, qr code payments, inclusive growth, csr programs, mobile app, b2c, customer-centric, financial advisory, customer experience, future-focused, banking compliance, online banking, banking for smes, future banking, green banking practices, future of banking sri lanka, banking innovation in sri lanka, digital transformation, sustainable development finance, stakeholder engagement strategies, innovation, insurance, social impact banking, digital innovation, ethical banking, digital payment solutions, finance, non-profit, finance technology, information technology & services, investment management, environmental services, renewables & environment, financial consulting, consulting, management consulting, nonprofit organization management",http://www.linkedin.com/in/indika-cio,https://ndbbank.com,http://www.linkedin.com/company/ndbbank,https://facebook.com/ndbbankplc,https://twitter.com/ndbbank,Colombo,Western Province,Sri Lanka,"Colombo, Western Province, Sri Lanka",Colombo,Western Province,Sri Lanka,'+94 11 2 448448,"Outlook, Microsoft Office 365, Facebook Login (Connect), Facebook Custom Audiences, Facebook Widget, Mobile Friendly",117242000,"","","","","","",false,false,false,false,"",6967ac65fb1d080001d29be3,6967ac66fb1d080001d2a7c8,"","","","","","","","",""
Karina,Shelka,"Chief Technology Officer, VP of IT Infrastructure",UC Davis Health,UC Davis Health,kshelka@ucdavis.edu,Extrapolated,Apollo,Apollo,0.58,"","",C suite,"C-Suite, Engineering & Technical, Information Technology",ifedayo.oladapo@gmail.com,"","","",'+1 530-752-1011,"",Cold,"","",ifedayo.oladapo@gmail.com,9200,hospital & health care,"one of the nations best medical schools, an ncidesignated comprehensive cancer center, the betty irene moore school of nursing, a neurodevelopmental institute, a stem cell institute, a fullservice childrens hospital, level1 trauma center, education, colleges, hospitals & health care, universities, higher education, education management, hospital & health care",http://www.linkedin.com/in/karina-shelka-020aa0371,https://ucdavis.edu,http://www.linkedin.com/company/ucdavishealth,http://www.facebook.com/ucdavis,"","","","","4301 X St, Sacramento, California, United States, 95817-2214",Sacramento,California,United States,'+1 530-752-1011,"Cloudflare DNS, SendInBlue, Outlook, Cvent, DoubleClick Conversion, Drupal, DoubleClick, Multilingual, Facebook Login (Connect), Vimeo, JQuery 2.1.1, Disqus, HeapAnalytics, Wix, Google Tag Manager, New Relic, Facebook Custom Audiences, ShareThis, Webtrends, MemberClicks, Segment.io, Google Places, Google Font API, Optimizely, Bootstrap Framework, Hotjar, OpenSSL, Varnish, Dropbox, The Trade Desk, eRecruit, Google Plus, Microsoft-IIS, MailChimp, iTunes, Google Analytics Ecommerce Tracking, Google Maps, CrazyEgg, Ruby On Rails, Adobe Coldfusion, AppNexus, Kaltura, Apache, DoubleClick Floodlight, Nginx, Cedexis Radar, WordPress.org, Google Play, Google AdSense, Shutterstock, Apple Pay, Linkedin Marketing Solutions, Mobile Friendly, Facebook Widget, YouTube, Google Analytics, Eventbrite, Adobe Media Optimizer, Google Maps (Non Paid Users), Google Dynamic Remarketing, Ubuntu, Box.net, AddThis, reCAPTCHA, Canvas by Instructure, ASP.NET, Bing Ads, Twitter Advertising, Highcharts JS Library, JQuery 1.11.1, Typekit, Pingdom, AngularJS, Google AdWords Conversion","","","","","","","",false,false,false,false,"",6967ac65fb1d080001d29beb,6967ac66fb1d080001d2a7d0,"","","","","","","","",""
Bryan,Smith,"Vice President, Information Technology and CIO",Pall Corporation,Pall,bryan_smith@pall.com,Verified,Apollo,Apollo,"",Catch-all,2025-12-15T15:56:05+00:00,C suite,"C-Suite, Information Technology",ifedayo.oladapo@gmail.com,"","","",'+1 516-703-1819,"",Cold,"","",ifedayo.oladapo@gmail.com,5200,mechanical or industrial engineering,"filtration, separation, purification, bioprocessing, food, beverage, fuels, chemical, water treatment, machinery, equipment, power generation, microelectronics, aerospace, defense, manufacturing, sterile filtration, oil purification, sterilization, food safety, sustainability, ultrafiltration, process optimization, medical devices, hydrogen filtration, hazardous waste filtration, medical filtration, pharmaceutical filtration, wet chemical processing membranes, membrane technology, oil and gas filtration, e-commerce, mobile water treatment, operational efficiency, filtration for semiconductor fabs, cost reduction, pharmaceuticals, advanced membrane cleaning, healthcare, innovation, services, ultra filtration, reverse osmosis, quality assurance, regulatory compliance, biotech filtration, food and beverage filtration, eurotunnel filtration, environmental services, system solutions, environmental solutions, customer collaboration, air intake filters, high purity water systems, life sciences, critical system filtration, risk management, electronics, industrial manufacturing, membranes, wastewater treatment, biotechnology, nanofiltration, environmental remediation, energy, engine air intake, safety filters, leukoreduction filters, advanced membranes, aerospace filtration, high-performance filters, gas filtration, pharmaceutical systems, cleanroom filtration, coalescers, contamination control, power generation filtration, industrial filtration, filter housings, bio-fuels filtration, microelectronics filtration, contamination control in aerospace, b2b, ultra clean filtration, gas separation, semiconductor manufacturing, blood filtration, technology innovation, semiconductor filtration, oil and gas, medical equipment and supplies manufacturing, oil and gas separation membranes, food and beverage, medical systems, military aerospace filters, decarbonization filtration, nuclear cleanup filtration, product development, filter validation, filter validation and testing, critical asset protection, environmental filtration solutions, marine filtration systems, sustainable solutions, aerospace filters, water purification, gas foaming solutions, microfiltration, coalescer technology, power plant filtration, ultra pure water, safety assurance, industrial solutions, energy transition, chemical processing, hydraulic systems, cleaning technology, carbon capture, waste minimization, emission control, technical support, system reliability, process efficiency, mobile filtration, custom solutions, equipment maintenance, certificates, engineering solutions, product quality, clarity in oils, hydraulic filters, high flow filters, lenticular filters, nano-filtration, beer filtration, spare parts, technical documentation, research and development, deployment services, spoilage prevention, recirculation systems, training services, environmental safety, industrial, decarbonization, pharmaceutical, environmental, semiconductors, cleanroom, biotech, medical, safety, consumer goods, consumers, mechanical or industrial engineering, renewables & environment, hospital & health care, consumer internet, internet, information technology & services, health care, health, wellness & fitness, computer hardware, hardware, oil & energy, food & beverages, research & development",http://www.linkedin.com/in/bryansmith4,https://pall.com,http://www.linkedin.com/company/pall-corporation,https://facebook.com/PallCorporation/,https://twitter.com/PallCorporation,Portsmouth,New Hampshire,United States,"25 Harbor Park Drive, Port Washington, New York, United States, 11050",Port Washington,New York,United States,'+1 516-703-1819,"Route 53, Microsoft Office 365, Sendgrid, Atlassian Cloud, AWS SDK for JavaScript, OneTrust, Marketo, Remote",2900000000,"","","","",Cytiva (cytiva.com),"",false,false,false,false,"",6967ac65fb1d080001d29bf2,6967ac66fb1d080001d2a7d7,"","","","","","","","",""
Kara,Hines,Vice President IT/ Chief Information Officer,United Health Services,United Health Services,kara.hines@nyuhs.org,Verified,Apollo,Apollo,"",Catch-all,2025-12-22T21:27:35+00:00,C suite,"C-Suite, Information Technology",ifedayo.oladapo@gmail.com,"","","",'+1 607-762-2200,"",Cold,"","",ifedayo.oladapo@gmail.com,6300,hospital & health care,"hospitals & health care, surgical services, regional healthcare system, long-term acute care, health equity, orthopedics, hospitals, patient safety programs, healthcare governance, urgent care, stroke certification, specialty care, services, family medicine, patient care, rehabilitation services, patient experience, covid-19 response, medical staff, virtual care services, b2c, community-based health programs, offices of physicians, medical technology, emergency care, community health, not-for-profit, telehealth, women's health, diagnostic imaging, rural health services, community outreach, virtual care, laboratory services, home care, comprehensive medical services, healthcare community engagement, walk-in centers, rehabilitative therapy, quality improvement, cardiology, community health initiatives, hospital accreditation, primary care, behavioral health, hospital services, pediatrics, community health education, patient portal, laboratory centers, healthcare workforce, healthcare accreditation, spine surgery, healthcare services, hospital quality metrics, healthcare, patient safety standards, patient safety, community hospital network, healthcare innovation, local healthcare provider, hospitals and clinics, outpatient services, pharmacy services, physical therapy, specialized outpatient clinics, health insurance, patient safety awards, medical research support, health education, health information management, medical clinics, long-term care, healthcare system, medical services, healthcare providers, surgical care, health records, medical imaging, telehealth services, pediatric care, cancer treatment, cardiac care, orthopedic services, neurosciences, digestive health, diabetes care, addiction treatment, patient-centered care, accreditation, quality assurance, clinical research, wellness programs, insurance information, patient billing, medical appointments, nursing staff, community involvement, non-profit healthcare, non-profit, hospital & health care, medical, health care, health, wellness & fitness, physiotherapy, long term care, nonprofit organization management",http://www.linkedin.com/in/kara-hines-766282161,https://nyuhs.org,http://www.linkedin.com/company/nyuhsinc,https://www.facebook.com/nyuhsinc,https://twitter.com/nyuhsinc,Thompson,Pennsylvania,United States,"10 Mitchell Ave, Binghamton, New York, United States, 13903-1678",Binghamton,New York,United States,'+1 607-762-2200,"Outlook, Microsoft Office 365, Amazon AWS, Acquia Cloud, Workday, Adobe Media Optimizer, MailChimp, YouTube, Facebook Widget, Mobile Friendly, Google Tag Manager, Vimeo, Varnish, New Relic, iTunes, Cedexis Radar, AppNexus, Google Maps, Facebook Custom Audiences, Google Play, Nginx, reCAPTCHA, Citrix NetScaler, Workday Recruit, Google Analytics, Google Font API, Facebook Login (Connect)",899000000,"","","","","","",false,false,false,false,1,6967ac65fb1d080001d29bf0,6967ac66fb1d080001d2a7d5,"","","","","","","","",""
Nicola,Bellucci,CIO | IT Director,Ospedale Casa Sollievo della Sofferenza,Ospedale Casa Sollievo della Sofferenza,n.bellucci@operapadrepio.it,Verified,Apollo,Apollo,"",Catch-all,2026-01-09T06:58:55+00:00,C suite,"C-Suite, Information Technology",ifedayo.oladapo@gmail.com,"","","",'+39 0882 410111,"",Cold,"","",ifedayo.oladapo@gmail.com,4000,hospital & health care,"istituto di ricovero e cura a carattere scientifico, hospitals & health care, hospital, pediatric care, hospital and health services, telemedicine, highly specialized hospital, scientific research, advanced therapies, medicina rigenerativa, irccs, regenerative medicine, stem cell production, spiritual support, diabetology labs, geriatrics labs, oncology, general medical and surgical hospitals, terapie innovative, hospital management, ricerca scientifica, genetic diseases, healthcare innovation, rehabilitation, biostatistics, assistenza clinica, medical research, medical training, patient care, malattie genetiche, neurology, medical diagnostics, bioinformatics units, sustainability, mental health, pediatrics, gastroenterology labs, cancer biomarkers, primary care, laboratori di ricerca, healthcare services, digital health, clinical diagnostics, medical technology, biotechnology, genetics, services, epatology labs, biomedical research, clinical trials, advanced therapy units, casa sollievo della sofferenza, tissue engineering, healthcare, ospedale di padre pio, oncological care, san giovanni rotondo, isbremit, huntington research, physical therapy, research, medical, biotech, laboratories, medical education, hospital & health care, health care information technology, health care, health, wellness & fitness, environmental services, renewables & environment, information technology & services, physiotherapy",http://www.linkedin.com/in/nicolabellucci,https://operapadrepio.it,http://www.linkedin.com/company/ospedale-casa-sollievo-della-sofferenza,https://www.facebook.com/operapadrepio,https://twitter.com/operapadrepio,San Giovanni Rotondo,Apulia,Italy,"San Giovanni Rotondo, Apulia, Italy, 71013",San Giovanni Rotondo,Apulia,Italy,'+39 0882 410111,"Outlook, Microsoft Office 365, Bootstrap Framework, Mobile Friendly",240000000,"","","","","","",false,false,false,false,"",6967ac65fb1d080001d29bf1,6967ac66fb1d080001d2a7d6,"","","","","","","","",""
Leon,Roberge,CIO & Vice President - Information Technology,Toshiba Global Commerce Solutions,Toshiba Global Commerce Solutions,leon.roberge@toshibagcs.com,Verified,Apollo,Apollo,"","",2026-01-12T18:17:37+00:00,C suite,"C-Suite, Information Technology",ifedayo.oladapo@gmail.com,"","","",'+1 800-231-1412,"",Cold,"","",ifedayo.oladapo@gmail.com,2600,information technology & services,"pos systems, selfcheckout solutions, retail store printers, retail store peripherals, retail software applications, retail store operating systems, retail store middleware, semiconductors, hardware, information technology, technology, information & internet, information technology & services",http://www.linkedin.com/in/leonroberge,https://toshibagcs.com,http://www.linkedin.com/company/toshibacommerce,https://www.facebook.com/ToshibaCommerce,https://twitter.com/ToshibaCommerce,Marlborough,Massachusetts,United States,"3901 South Miami Boulevard, Durham, North Carolina, United States, 27703",Durham,North Carolina,United States,'+1 800-231-1412,"CDNetworks, Microsoft Office 365, CSC Corporate Domains, Amazon AWS, Cloudflare DNS, Amazon SES, Gmail, Pardot, Google Apps, CloudFlare Hosting, Bluekai, Taboola Newsroom, Brightcove, Drupal, Media Temple, Mapbox, ServiceNow, Hubspot, SharpSpring, Segment.io, YouTube, Google Analytics, Bing Ads, Linkedin Marketing Solutions, Vimeo, WordPress.org, Hotjar, ON24, DoubleClick, IBM Websphere, Perfect Audience, Greenhouse.io, Mobile Friendly, CrazyEgg, AddThis, Bootstrap Framework, Disqus, Google Font API, DoubleClick Conversion, Google translate widget, Google Tag Manager, AppNexus, Google Analytics Ecommerce Tracking, Google Maps, Cvent, Google translate API, Google Dynamic Remarketing, Ascendify, Multilingual, UltiPro, Apache, Google Maps (Non Paid Users), reCAPTCHA, VideoJS, Remote","","","","","","","",false,false,false,false,"",6967ac65fb1d080001d29bf9,6967ac66fb1d080001d2a7de,"","","","","","","","",""
Oren,Horin,Vice President Information Technology (CIO),Lightricks,Lightricks,oren@lightricks.com,Verified,Apollo,Apollo,"",Catch-all,2026-01-06T09:30:14+00:00,C suite,"C-Suite, Information Technology",ifedayo.oladapo@gmail.com,"","","","","",Cold,"","",ifedayo.oladapo@gmail.com,600,information technology & services,"digital content creation, image processing, digital software engineering, ios, android applications, ux, ui design, research, development, marketing analytics, computer vision, mobile development, computer graphics, software development, information technology and services, ai research breakthroughs, b2c, content democratization, open source ai, ai model integration, ai for social media content, ai video synthesis, ai model optimization, mobile photo and video editing, mobile creative tools, content automation tools, ai-powered editing, ai for creative industries, influencer marketing, ai-driven storytelling, content editing tools, d2c, ai content licensing, generative ai for video, photo editing, ai video generation, ai content analytics, ai for influencer marketing, ai model training, ai video streaming, content generation technology, video production, ai content moderation, ai image and video generation, video editing, content scaling, content innovation, content creator ecosystem, ai model deployment, ai-driven content tools, photo retouching, photography, visual storytelling tools, ai video editing, content monetization, ai for digital marketing, generative ai models, generative ai, ai-driven content curation, creative software for mobile, ai-powered photo editing, ai for content automation in marketing, mobile app development, software publishers, content automation, ai content tools, content production tools, ai content creation for social media, ai content personalization, api integration, digital content tools, ai for visual effects, ai image enhancement, creative software, graphic design, ai content creation, influencer marketing platform, content creation ecosystem, content innovation platform, content creator platform, ai content generation, content creation, ai research and development, mobile application software, ai content platform, content creation apps, ai-powered content creation, ai models, mobile content apps, content platform, content collaboration, video effects, content production, content management systems, visual storytelling, content scaling and deployment, artificial intelligence, real-time rendering, motion consistency, creative tools, image retouching, partnership platform, collaboration tools, ai avatars, high-quality video, editing software, customizable presets, pro video features, template sharing, social media integration, creator economy, visual effects, scalable video solutions, creative potential, user-generated content, advanced image editing, automatic script writing, scene planning, interactive experiences, custom risk assessment, content vetting, video content analysis, photo and video apps, user-friendly interfaces, mobile editing tools, photo animation, filter creation, cloud-based collaboration, ai tools for creators, real-time feedback, branding solutions, multimedia content, marketing content, creative productivity, seamless workflows, digital creativity, mobile, internet, information technology & services",http://www.linkedin.com/in/orenbenhorin,https://lightricks.com,http://www.linkedin.com/company/lightricks,https://facebook.com/Lightricks,https://twitter.com/lightricks,"","",Israel,"פרופ רקח, Jerusalem, Jerusalem District, Israel, 90000",Jerusalem,Jerusalem District,Israel,"","Route 53, Gmail, Google Apps, Microsoft Office 365, Amazon AWS, VueJS, Grafana, WP Engine, Atlassian Cloud, Netlify, OneTrust, React Redux, Webflow, reCAPTCHA, Facebook Custom Audiences, DoubleClick, Mobile Friendly, Google Analytics, Google Tag Manager, Google AdWords Conversion, DoubleClick Conversion, Facebook Login (Connect), Greenhouse.io, Google Dynamic Remarketing, Vimeo, Google Play, Facebook Widget, Circle, AI",200000000,305000000,Series D,100000000,2021-09-01T00:00:00+00:00,"","",false,false,false,false,"",6967ac65fb1d080001d29bf4,6967ac66fb1d080001d2a7d9,"","","","","","","","",""
Arun,Thomas,Chief Information Officer and Vice President IT,Dynacare,Dynacare,thomasa@dynacare.ca,Verified,Apollo,Apollo,"","",2025-12-18T22:55:36+00:00,C suite,"C-Suite, Information Technology",ifedayo.oladapo@gmail.com,"","","",'+1 800-565-5721,"",Cold,"","",ifedayo.oladapo@gmail.com,2300,hospital & health care,"hospitals & health care, genetic mutation analysis, telemedicine integration, medical sample transport, medical testing equipment, personalized medicine, healthcare digitalization, public health, medical diagnostics, healthcare digital tools, services, clinical research, biomedical research, biotech innovation, atn profile - alzheimer’s disease, diagnostic accuracy, biotech research tools, genomic medicine innovations, diagnostic solutions, hereditary disease prevention, cancer genomics, b2c, genetic testing, healthcare cloud computing, lab sample tracking, laboratory accreditation, personalized oncology testing, corporate wellness programs, healthcare technology, genetic counseling services, retail, genetic risk assessment, food and digestive health tests, genetic data privacy, hereditary cancer tests, medical sample collection, lab testing logistics, somatic tumour profiling, digital health records, medical laboratories, medical device integration, lab data integration, medical data security, lab automation technology, healthcare analytics, hht genetic testing, diagnostics, lab quality control, lab result reporting, pharmacogenetic tests, genetic biomarker discovery, patient health monitoring, healthcare, biotechnology, laboratory workflow automation, healthcare compliance, medical laboratory, laboratory automation, medical informatics, d2c, remote testing services, patient portal, medical software, hereditary disease testing, next-generation sequencing, genetic research support, clinical laboratory, diagnostic testing, clinical data management, medical sample processing, genetics, medical research tools, biomedical analysis, pharmacogenomics testing, hereditary cancer screening, medical and diagnostic laboratories, telehealth, clinical excellence, pathology services, molecular and cellular diagnostics, genetic test development, government, clinical research support, carrier screening, medical testing, healthcare industry, digital health platform, ontario cervical screening program, genomic data analysis, clinical pathology, pharmaceuticals, e-commerce, healthtech, healthcare innovation, healthcare it solutions, biotech testing, laboratory information system, laboratory services, hereditary cancer screening tools, b2b, healthcare data security, genetic test interpretation, prenatal genetic screening, advanced pathology techniques, medical data encryption, healthcare diagnostics, molecular diagnostics, patient testing services, laboratory network, health data management, healthcare data analytics, test result management, genetic counseling tools, biomedical testing, genetic variant detection, laboratory testing, diagnostic services, blood tests, urinalysis, pathology, prenatal screening, pharmacogenomic testing, sti testing, cancer screening, mobile health services, home care services, drug testing, alcohol testing, cardiovascular health, allergy testing, health monitoring, sample collection, test results portal, clinical trials, wellness programs, preventive care, patient education, health management, tele-interviews, insurance solutions, community health programs, food sensitivity testing, digestive health, hematology, toxicology, urine drug tests, specimen collection, healthcare logistics, patient engagement, electronic medical records (emr), results reporting, healthcare providers, health insights, medical screening, chronic disease management, quality assurance, healthcare privacy, health outcomes, patient-centric care, community outreach, distribution, transportation & logistics, hospital & health care, health, wellness & fitness, health care, medical & diagnostic laboratories, medical practice, medical, consumer internet, consumers, internet, information technology & services, financial services, health & medical, insurance, medical centers",http://www.linkedin.com/in/arun-thomas-67309726,https://dynacare.ca,http://www.linkedin.com/company/dynacare,https://www.facebook.com/DynacareCanada/,https://twitter.com/dynacare,"","",Canada,"115 Midair Court, Brampton, Ontario, Canada, L6T 5V1",Brampton,Ontario,Canada,'+1 800-565-5721,"Route 53, MessageGears, Outlook, ServiceNow, MailChimp SPF, Microsoft Office 365, Zendesk, Microsoft Azure Hosting, accessiBe, Microsoft Power BI, Jobvite, Kentico, Google Dynamic Remarketing, Google Maps (Non Paid Users), DoubleClick Conversion, Wistia, Google Font API, reCAPTCHA, Google Tag Manager, Facebook Custom Audiences, Google AdSense, Google AdWords Conversion, Bootstrap Framework, Facebook Widget, Microsoft-IIS, Google Analytics, DoubleClick, ASP.NET, Google Remarketing, Mobile Friendly, Google Maps, Facebook Login (Connect)",238000000,32300000,Venture (Round not Specified),0,2010-01-01T00:00:00+00:00,"","",false,false,false,false,4,6967ac65fb1d080001d29bf3,6967ac66fb1d080001d2a7d8,"","","","","","","","",""
Ruben,Guzman,VP Information Technology (CIO),Compañia Dominicana de Teléfonos (Claro),Compañia Dominicana de Teléfonos,ruben.guzman@claro.com,Verified,Apollo,Apollo,"",Catch-all,2026-01-14T14:47:07+00:00,C suite,"C-Suite, Information Technology",ifedayo.oladapo@gmail.com,"","","","","",Cold,"","",ifedayo.oladapo@gmail.com,760,telecommunications,"",http://www.linkedin.com/in/ruben-guzman-016a517,https://claro.com,http://www.linkedin.com/company/compa-ia-dominicana-de-tel-fonos-claro-,"","","","",Dominican Republic,"","","","","","","","","","","","","",false,false,false,false,"",6967ac65fb1d080001d29be7,6967ac66fb1d080001d2a7cc,"","","","","","","","",""
Brian,Sterud,VP of It/cio,Faith Regional Health Services,Faith Regional Health Services,bsterud@frhs.org,Verified,Apollo,Apollo,"","",2026-01-06T09:00:22+00:00,C suite,"C-Suite, Information Technology",ifedayo.oladapo@gmail.com,"","","",'+1 402-371-4880,"",Cold,"","",ifedayo.oladapo@gmail.com,1300,hospital & health care,"cancer, heart, vascular, home health, hospice, orthopedics, occupational health, wellness, healthcare, medical center, hospital, healthcare employer, womens, childrens, urology, rehabilitation therapy, hospitals & health care, b2c, healthcare services, hospital services, medical specialties, services, non-profit hospital, rehabilitation, accreditation, telehealth, medical clinics, faith-driven values, community collaboration, support staff, healthcare awards, general medical and surgical hospitals, technology investment, patient-centered care, advanced medical technology, faith-based healthcare, surgery, regional healthcare, acute care hospital, community health initiatives, primary care, urgent care, telemedicine, health system, hospitals, patient care, healthcare recognitions, healthcare innovation, community wellness, non-profit, hospital & health care, health care, health, wellness & fitness, health care information technology, nonprofit organization management",http://www.linkedin.com/in/briansterud,https://frhs.org,http://www.linkedin.com/company/frhs,https://facebook.com/faithregional,https://twitter.com/@faithregional,Norfolk,Nebraska,United States,"2700 W Norfolk Ave, Norfolk, Nebraska, United States, 68701",Norfolk,Nebraska,United States,'+1 402-371-4880,"Sendgrid, Outlook, Microsoft Office 365, Google Tag Manager, ASP.NET, Typekit, SOASTA, Mobile Friendly, Remote",266455000,"","","","","","",false,false,false,false,"",6967ac65fb1d080001d29bf8,6967ac66fb1d080001d2a7dd,"","","","","","","","",""
David,Dulfer,Vice President of Information Technology | CIO,Atkore,Atkore,ddulfer@atkore.com,Verified,Apollo,Apollo,"","",2026-01-02T07:49:05+00:00,C suite,"C-Suite, Information Technology",ifedayo.oladapo@gmail.com,"","","",'+1 708-339-1610,"",Cold,"","",ifedayo.oladapo@gmail.com,5300,electrical/electronic manufacturing,"manufacturing, plastic pipe & tube, metal framing channel, strut, conduit, armored cable, prefabrication, industrial machinery/components, appliances, electrical, & electronics manufacturing, infrastructure, construction and renovation, cable-in-conduit, power solutions, water infrastructure, fiberglass grid hangers, structural support, fre composites, bim integration tools, renewable energy, 3d hanger configurator, b2b, operational excellence, telecom infrastructure, distributor network, solar infrastructure, construction, market-specific solutions, cable tray solutions, product families, e-commerce, us tray systems, electrical conduit, safety and security products, product portfolio, luminary lite cable, data centers and telecom, infrastructure solutions, services, global manufacturer, data center infrastructure, supply chain management, frequent product families, engineering support, electrical equipment & components, wiring device manufacturing, distributors and contractors, strategic acquisitions, hdpe pipe, construction products, project design efficiency, revit plugin, virtualized product environments, heritage plastics, talent development, order delivery support, consulting, cable management systems, product design tools, power and utilities, water and transportation, product brands, infrastructure products, pvc conduit, structural support products, manufacturing facilities, technical resources, product customization, industrial solutions, telecommunications, safety products, calpipe security products, product assemblies, e-z pull emt, distribution, rapid tray systems, unistrut structural systems, calbond fittings, operational efficiency, innovation in infrastructure, die cast fittings, nema cable trays, cable management, bom generation, electrical cable management, safety solutions, cable tray systems, conduit fittings, mechanical support structures, custom tubing and pipes, prefabricated wiring solutions, modular wiring systems, physical security products, traffic control products, water pipe solutions, telecommunications infrastructure, data center solutions, environmental health and safety, diversity and inclusion programs, training and development, employee engagement programs, collaborative culture, technical design resources, building information modeling, 3d application solutions, engineering solutions, pre-wired electrical devices, project design simplification, regulatory compliance products, networking solutions, steel and pvc conduit, green construction practices, global manufacturing, construction services, network distribution centers, rotational programs for graduates, construction and renovation products, job site efficiency solutions, market leading products, construction support services, cable assembly solutions, integrated business systems, client satisfaction, on-time delivery, innovative product portfolio, diverse material applications, utility solutions, mechanical or industrial engineering, electrical/electronic manufacturing, clean energy & technology, environmental services, renewables & environment, consumer internet, consumers, internet, information technology & services, logistics & supply chain, training & development",http://www.linkedin.com/in/ddulfer,https://atkore.com,http://www.linkedin.com/company/atkore,https://www.facebook.com/atkore,https://twitter.com/atkore_inc,Chicago,Illinois,United States,"16100 Lathrop Avenue, Harvey, Illinois, United States, 60426",Harvey,Illinois,United States,'+1 708-339-1610,"Salesforce, Akamai DNS, Outlook, Pardot, WP Engine, Atlassian Cloud, The Trade Desk, Azure Active Directory, reCAPTCHA, Hotjar, UltiPro, Bootstrap Framework, Google Tag Manager, Mobile Friendly, Google Maps, SOASTA, YouTube, Vimeo, Adobe Media Optimizer, Cedexis Radar, Google Analytics, Remote",2850378000,"","","","","","",false,false,false,false,"",6967ac65fb1d080001d29be6,6967ac66fb1d080001d2a7cb,"","","","","","","","",""
Rick,Rinehart,VP IT / CIO,Carle Health,Carle Health,rick.rinehart@carle.com,Verified,Apollo,Apollo,"","",2026-01-05T10:35:05+00:00,C suite,"C-Suite, Information Technology",ifedayo.oladapo@gmail.com,"","","",'+1 217-383-3311,"",Cold,"","",ifedayo.oladapo@gmail.com,17000,hospital & health care,"heart, cancer, spine, level 1 trauma center, level 3 neonatal intensive care unit, level 3 epilepsy center, research, clinical trials, digestive health, vascular institute, neuroscience, carle illinois college of medicine, stephens family clinical research institute, hospitals & health care, comprehensive healthcare, vertically integrated system, clinical care, health insurance, medical research, higher education, community engagement, patient-centered care, specialized services, advanced imaging, trauma care, rehabilitation services, home care, health equity, diversity and inclusion, wellness programs, chronic disease management, trusted healthcare partner, accessible care, community health initiatives, innovative healthcare solutions, compassionate service, multidisciplinary approach, health plan members, underserved communities, population health, educational partnerships, magnet recognition, quality care, healthcare accessibility, integrated healthcare solutions, healthcare, vertical integration, patient care, preventive care, community health, telehealth services, emergency services, surgery, cancer treatment, heart and vascular care, pediatric care, women's health, nursing excellence, integrated healthcare, patient navigation, medical education, doctor training, health partnerships, disease management, financial assistance, cost transparency, provider referrals, health plans, genetic counseling, specialty care, community outreach, mental health services, inclusive care, advanced practice providers, pharmacy services, care coordination, mobile health clinic, patient support, patient rights, hospital accreditation, magnet designation, philanthropy, community partnerships, educational resources, health resources, nurse-led initiatives, services, health care, health, wellness & fitness, hospital & health care, biotechnology, education management, doctors, family practice, health & medical, hospitals, nurse practitioner",http://www.linkedin.com/in/rick-rinehart-36048a6,https://carle.org,http://www.linkedin.com/company/carlehealth,https://www.facebook.com/carlehealth,"",Urbana,Illinois,United States,"611 West Park Street, Urbana, Illinois, United States, 61801",Urbana,Illinois,United States,'+1 217-383-3311,"Microsoft Azure Hosting, Outlook, Microsoft Office 365, Hotjar, Vimeo, ASP.NET, iTunes, Google Font API, Google Tag Manager, Formstack, Adobe Media Optimizer, reCAPTCHA, Google Maps, PeopleFluent, Google Play, Mobile Friendly, Cedexis Radar, Google Maps (Non Paid Users), Remote, Render",3700000000,"","","","","","",false,false,false,false,4,6967ac65fb1d080001d29be9,6967ac66fb1d080001d2a7ce,"","","","","","","","",""
Susan,Chung,CIO,PhillipCapital,PhillipCapital,susan.chung@phillip.com.sg,Verified,Apollo,Apollo,"",Catch-all,2025-12-16T18:33:24+00:00,C suite,"C-Suite, Information Technology",ifedayo.oladapo@gmail.com,"","","",'+65 6533 6001,"",Cold,"","",ifedayo.oladapo@gmail.com,1200,financial services,"stockbroking, futures, wealth management, derivatives, unit trusts, commodities, insurance planning, securities, equity financing, bonds, contracts for difference, corporate finance, exchange traded funds, real estate, research, investor relations, fund structures, consulting, cfd trading, fintech venture financing, client-centric solutions, brokerage & securities, investment banking, client base, regulatory licenses, institutional clients, client engagement, brokerage services, market research, client services, services, financial innovation, financial services, trustee services, market connectivity, digital finance, digital asset custody, market research reports, portfolio management, global presence, market innovation, fund management, regional expansion, risk management, digital assets, private banking, fintech investments, venture capital, trading platforms, capital markets, client education, asset under custody, client support, online trading platform, investment management, retail, fintech, financial hubs, global reach, insurance, client solutions, trading, investment services, derivatives trading, asset management, brokerage, regulatory compliance, digital securities exchange, securities and commodity contracts intermediation and brokerage, financial technology, online trading pioneer, regional offices, financial planning, asset under management, fractional us shares, asian financial house, client education programs, financial advisory, investment advisory, digital trading, trust services, digital trading tools, b2c, b2b, market awards, financial products, singapore brokerage, regional presence, private equity, customer experience, alternative investments, award-winning brokerage, fractional share trading, market access, real estate investment, market access during asian hours, regional financial hubs, investment products, retail investors, cfd, securities broking, contract for difference, online trading, insurance products, forex trading, commodities trading, futures trading, securities borrowing, lending services, banking services, personal finance, regional investment, retail investment, institutional broking, financial research, investment strategies, client onboarding, diversification strategies, real estate investments, liquidity provision, investment opportunities, sustainable investing, esg investing, financial education, trading technology, financial derivatives, premium accounts, digital securities, finance, education, distribution, finance technology, information technology & services, financial consulting, management consulting",http://www.linkedin.com/in/susan-chung,https://phillip.com.sg,http://www.linkedin.com/company/phillip-securities-pte-ltd,http://www.facebook.com/phillipcapital,http://www.twitter.com/phillipcapital,Boston,Massachusetts,United States,"250 North Bridge Rd, Singapore, Singapore, 179101",Singapore,"",Singapore,'+65 6533 6001,"Akamai DNS, Amazon SES, Rackspace MailGun, Outlook, Marketo, Microsoft Office 365, BuddyPress, Visual-Basic-.NET, Bootstrap Framework, Google Tag Manager, Mobile Friendly, ASP.NET, YouTube, Google Analytics, reCAPTCHA, Incapsula, Google Play, WordPress.org, Zopim, Google Font API",200000000,"","","","","","",false,false,false,false,"",6967ac65fb1d080001d29bee,6967ac66fb1d080001d2a7d3,"","","","","","","","",""
Jody,McDonough,VP of IT / CIO,"Sub-Zero Group, Inc.",Sub-Zero Group,jody.mcdonough@subzero.com,Verified,Apollo,Apollo,"",Catch-all,2025-12-15T12:15:38+00:00,C suite,"C-Suite, Information Technology",ifedayo.oladapo@gmail.com,"","","",'+1 608-271-2233,"",Cold,"","",ifedayo.oladapo@gmail.com,2200,mechanical or industrial engineering,"luxury brands, appliances, consumer goods, refrigeration, cooking, integrated products, customer service, manufacturing, luxury appliance collaborations, built-in refrigeration, refrigeration innovation, luxury food storage, luxury appliances, designer appliances, appliance testing, dual refrigeration system, high-end residential appliances, american manufacturing, custom built-in refrigerators, kitchen appliances, food storage, professional kitchen appliances, luxury kitchen aesthetics, luxury home appliances, american made appliances, kitchen renovation, scientific refrigeration, custom kitchen appliances, craftsmanship, luxury appliance engineering, dual zone refrigeration, professional-grade appliances, high-performance appliances, appliance maintenance, appliance manufacturing, professional cooking appliances, industrial machinery manufacturing, appliance repair, integrated kitchen appliances, consumer goods & retail, kitchen design innovation, refrigeration systems, appliance safety features, premium craftsmanship, luxury appliance legacy, food preservation, appliance installation, appliance integration, appliance parts, luxury kitchen design, appliance brand, appliance design, dual refrigeration, appliance engineering, kitchen design, energy-efficient appliances, luxury kitchen appliances, energy efficiency, kitchen remodeling, appliance innovation, luxury kitchen trends, sub-zero refrigeration, scientific refrigeration applications, refrigeration technology, kitchen renovation resources, integrated appliances, appliance user guides, premium materials, dishwashers, appliance warranty, appliance sustainability, smart appliances, high-end appliance craftsmanship, kitchen design customization, appliance performance testing, refrigeration for scientific use, appliance accessories, refrigerator technology, appliance innovation labs, wine storage, undercounter refrigeration, outdoor refrigeration, cooking ranges, built-in ovens, cooktops, ventilation, microwave ovens, warming drawers, coffee systems, vacuum seal drawer, outdoor grills, wolf gourmet, cove dishwashers, precision cooking, owner resources, product registration, warranty information, accessories, use and care, local service providers, trade resources, specification library, installation videos, kitchen design contest, american craftsmanship, high-end kitchen appliances, consultation services, customer care, owner support, flexible interiors, commercial-grade appliances, maintenance tips, design inspiration, eco-friendly appliances, durability testing, smart kitchen technology, adjustable racks, whisper-quiet operation, soil-sensing cycles, led lighting, personalized cleaning options, after-sales support, styling options, b2c, e-commerce, consumer products & retail, consumers, mechanical or industrial engineering, environmental services, renewables & environment, hvac, consumer internet, internet, information technology & services, home & garden, kitchen & bath, shopping",http://www.linkedin.com/in/jodymcdonough,https://subzero-wolf.com,http://www.linkedin.com/company/sub-zero-group-inc-,https://www.facebook.com/subzerowolf,https://twitter.com/subzerowolf,Madison,Wisconsin,United States,"4717 Hammersley Road, Madison, Wisconsin, United States, 53711",Madison,Wisconsin,United States,'+1 608-271-2233,"CloudFlare CDN, Amazon SES, Outlook, Marketo, MailChimp SPF, Microsoft Office 365, CloudFlare Hosting, TripleLift, TubeMogul, The Trade Desk, Azure Active Directory, Magento, Cornerstone On Demand, Facebook Login (Connect), Cedexis Radar, Adobe Media Optimizer, DoubleClick Floodlight, UltiPro, Optimizely, New Relic, Facebook Custom Audiences, DoubleClick Conversion, Sizmek (MediaMind), YouTube, Cvent, Ensighten, Bing Ads, ASP.NET, Vimeo, Mobile Friendly, Yelp, Google Analytics, iPerceptions, AppNexus, Google Dynamic Remarketing, Google Tag Manager, DoubleClick, Typekit, Facebook Widget",707000000,"","","","","","",false,false,false,false,6,6967ac65fb1d080001d29bed,6967ac66fb1d080001d2a7d2,"","","","","","","","",""
Bernadette,Reid,VP of Information Technology/CIO,Torrance Memorial,Torrance Memorial,bernadette.reid@tmmc.com,Verified,Apollo,Apollo,"",Catch-all,2025-12-18T17:25:27+00:00,C suite,"C-Suite, Information Technology",ifedayo.oladapo@gmail.com,"","","",'+1 310-325-9110,"",Cold,"","",ifedayo.oladapo@gmail.com,2600,hospital & health care,"alcohol & drug treatment, home health & hospice, emergency care, maternal child health, breast diagnostics, burn, wound & amputation prevention, cardiovascular institute, bariatric surgery, stroke center, cancer institute, orthopedic surgery, radiology, hospitals & health care, acute care, health education, oncology, healthcare collaboration, maternal and child health, physical therapy, b2c, medical research collaborations, general medical and surgical hospitals, patient engagement strategies, heart health services, healthcare services, state-of-the-art cardiovascular technology, chronic disease management, diagnostic imaging, healthcare, rehabilitation programs, community wellness, maternal health, healthcare accreditation, services, healthcare accessibility, healthcare management, patient safety protocols, outpatient services, patient safety initiatives, patient-centered care, pediatric health services, rehabilitation, pharmacy, outpatient diagnostic services, orthopedics, medical technology, health system integration, preventive care, medical innovation, surgical treatments, community programs, community health initiatives, community health, community outreach events, health promotion, minimally invasive surgery, clinical trials access, hospital, minimally invasive orthopedic surgery, integrated care models, maternal health programs, telehealth, healthcare technology, state-of-the-art technology, healthcare quality, cancer prevention, pediatrics, primary care, urgent care, medical services, nursing excellence, community health education, healthcare excellence, medical training, imaging, health screenings, neurology, laboratory services, specialized outpatient clinics, specialized care, digital health, hospitals, medical diagnostics, community wellness programs, multidisciplinary teams, advanced imaging techniques, neurological care, patient care, emergency services, patient engagement, pediatric care, cedars-sinai affiliation, healthcare quality improvement, advanced technology, telemedicine, chronic condition management, patient support services, outpatient rehabilitation, medical staff, healthcare innovation, community outreach, clinical research, healthcare partnerships, cardiology, healthcare delivery, neuroscience research, patient safety, comprehensive cancer care, clinical trials, nonprofit hospital, medical clinics, cancer treatment, cardiovascular services, orthopedic care, neuroscience, patient portal, emergency department, scheduling, billing and insurance, health equity, rehabilitation services, surgery preparation, outpatient care, inpatient care, health records, wellness programs, hospital services, care coordination, lactation services, pre-natal care, support groups, exercise classes, health risk assessments, palliative care, patient advocacy, dietary services, infection control, spiritual care, visitor information, gift shop services, follow-up care, financial assistance programs, medical specialty services, non-profit, hospital & health care, physiotherapy, health care, health, wellness & fitness, information technology & services, health care information technology, medical, biotechnology, nonprofit organization management, diagnostic services, doctors, health & medical, internal medicine, laboratory testing, medical centers",http://www.linkedin.com/in/bernadette-reid-33977815,https://torrancememorial.org,http://www.linkedin.com/company/torrancememorial,https://www.facebook.com/torrancememorial,https://twitter.com/tmhealthsystem,Torrance,California,United States,"3330 Lomita Blvd, Torrance, California, United States, 90505",Torrance,California,United States,'+1 310-325-9110,"Jobvite, Google Tag Manager, Google Maps, SOASTA, Mobile Friendly, Google Play, Google Maps (Non Paid Users)",839794000,"","","","","","",false,false,false,false,16,6967ac65fb1d080001d29bef,6967ac66fb1d080001d2a7d4,"","","","","","","","",""
Kent,Hoyos,Vice President Information Technology - Chief Information Officer,Pomona Valley Hospital Medical Center,Pomona Valley Hospital Medical Center,kent.hoyos@pvhmc.org,Verified,Apollo,Apollo,"",Catch-all,2026-01-11T18:14:21+00:00,C suite,"C-Suite, Information Technology",ifedayo.oladapo@gmail.com,"","","",'+1 909-865-9500,"",Cold,"","",ifedayo.oladapo@gmail.com,1900,hospital & health care,"the stead heart & vascular center, womens & childrens center, the robert & beverly lewis family cancer care center, hospitals & health care, healthcare services, radiology services, sleep disorder diagnosis, healthcare, centers of excellence, services, peripheral vascular services, oncology services, healthcare accreditation, hospital services, outpatient surgery, urgent care, healthcare awards, trauma center, regional healthcare leader, digital wayfinding, specialized healthcare, acute care hospital, ucla affiliation, patient care, community health, healthcare quality improvement, neurological suspension devices, neonatal intensive care unit, medical research, outpatient services, health education, advanced cardiac care, regional disaster center, medical education, regional trauma center, maternal-fetal transport, outpatient pavilion, stemi center, comprehensive stroke center, telemetry treadmills, gestational diabetes program, healthcare philanthropy, community health conferences, cardiac care, general medical and surgical hospitals, community healthcare, emergency department, specialized medical services, robotic surgical systems, community outreach, peripheral vascular program, robotic surgery, medical services, hospital safety grade, medical library support, certified baby-friendly hospital, hospital & health systems, family medicine residency, primary care, diagnostic programs, rehabilitation services, physical therapy, patient safety, healthcare innovation, perinatal services, patient-centered care, patient portal, medical technology, not-for-profit hospital, education, non-profit, hospital & health care, health care, health, wellness & fitness, physiotherapy, nonprofit organization management, american (traditional), breakfast & brunch, health & medical, medical centers, mexican, restaurants",http://www.linkedin.com/in/kent-hoyos-348a5a1a,https://pvhmc.org,http://www.linkedin.com/company/pomona-valley-hospital-medical-center,https://facebook.com/PomonaValleyHospitalMedicalCenter/,https://twitter.com/pvhmc,Pomona,California,United States,"1798 North Garey Avenue, Pomona, California, United States, 91767",Pomona,California,United States,'+1 909-865-9500,"Salesforce, Infoblox, Outlook, Amazon AWS, Remote",846485000,10702400,Other,10702400,2020-07-01T00:00:00+00:00,"","",false,false,false,false,3,6967ac65fb1d080001d29bf7,6967ac66fb1d080001d2a7dc,"","","","","","","","",""
Matthew,Postulka,"CIO & VP, Information Technology",Arbella Insurance Group,Arbella Insurance Group,matthew.postulka@arbella.com,Verified,Apollo,Apollo,"","",2026-01-08T19:04:48+00:00,C suite,"C-Suite, Information Technology",ifedayo.oladapo@gmail.com,"","","",'+1 800-272-3552,"",Cold,"","",ifedayo.oladapo@gmail.com,1100,insurance,"insurance coverage options, insurance community, new england insurance provider, insurance industry regulations, mutual insurance, insurance market, insurance policies, insurance quotes, regional insurer, insurance innovation, casualty insurance, insurance discounts, customer service, cyber liability, insurance agent support, business insurance, insurance agent network, insurance company growth, insurance claims processing, insurance company awards, insurance policyholder benefits, insurance, insurance policy management, insurance financial stability, insurance customer service, insurance community involvement, insurance claims management, mutual insurance company, b2c, insurance claims process, regional insurance company, insurance policy customization, insurance premiums, insurance policyholder, regional property casualty insurance, property and casualty insurance, insurance customer support, commercial property, insurance policy options, community involvement, auto insurance, regional property casualty insurer, insurance coverage, commercial auto, insurance community engagement, insurance claims handling, regional insurance market, insurance provider, new england insurance, insurance premium discounts, insurance product innovation, umbrella insurance, community engagement in insurance, insurance risk assessment, insurance company history, financial services, regional insurance solutions, independent insurance agents, local insurance agent network, insurance company culture, motorcycle insurance, insurance services, insurance risk management tools, insurance claims support, insurance claims process efficiency, insurance innovation initiatives, services, workers' compensation, insurance underwriting, personal and commercial insurance, insurance management, insurance products, insurance claims, personal and commercial coverage, insurance solutions, community-based insurance, insurance regulation, financial strength, insurance industry, independent agents, financially strong insurance company, insurance product portfolio, insurance agent partnerships, community support, insurance customer satisfaction, homeowners insurance, liability insurance, community-focused insurer, insurance industry leader, insurance risk management, property insurance, personal insurance, direct insurance (except life, health, and medical) carriers, insurance company, condo insurance, renters insurance, cyber insurance, golf course insurance, claim processing, self-service capabilities, billing options, discount programs, insurance bundles, loss protection, online account management, emergency claims, financial strength rating, local insurance, personal property coverage, business property coverage, home systems protection, towing coverage, accidental damage coverage, substitute transportation, claims assistance, insurance reviews, agent support, customer satisfaction, policy management, accident reporting, financial security, peace of mind insurance, tailored insurance solutions, liability coverage, accident coverage, vandalism protection, legal protection, home cyber protection, claims navigation, b2b, non-profit, workers compensation, nonprofit organization management, home & rental insurance",http://www.linkedin.com/in/matthewpostulka,https://arbella.com,http://www.linkedin.com/company/arbella-insurance-group,https://facebook.com/arbellainsurance,https://twitter.com/arbellains,Medfield,Massachusetts,United States,"1100 Crown Colony Drive, Quincy, Massachusetts, United States, 02169",Quincy,Massachusetts,United States,'+1 800-272-3552,"Amazon CloudFront, Route 53, Constant Contact, Outlook, Microsoft Office 365, Amazon AWS, CloudFlare, The Trade Desk, Workday, DoubleClick Conversion, New Relic, Google Tag Manager, Google Font API, Facebook Login (Connect), Amazon Associates, Quantcast, Google Analytics, DoubleClick, DoubleClick Floodlight, Google Play, Twitter Advertising, Facebook Custom Audiences, Workday Recruit, Google Dynamic Remarketing, Varnish, Mobile Friendly, greyscale - grey, Facebook Widget, Nginx, Linkedin Marketing Solutions",800000000,40000,Venture (Round not Specified),40000,2013-11-01T00:00:00+00:00,"","",false,false,false,false,2,6967ac65fb1d080001d29bf5,6967ac66fb1d080001d2a7da,"","","","","","","","",""
